player_id,player_display_name,team,opponent,is_home,implied_total,total_line,team_spread,is_indoor_certain,game_id,exp_points,median_points,floor_p20,ceiling_p90,p_ge_8,p_ge_10,p_ge_12,p_ge_15,exp_fg_att,exp_pat_att,last_seen_week,stale_weeks,season,week,rank_points,rank_ceiling
00-0032726,K.Fairbairn,HOU,IND,0,23.0,43.5,2.5,0,2026_03_HOU_IND,9.546998229429727,9.0,5.0,15.0,0.634,0.46675,0.28825,0.1255,2.204512096012528,2.505096077080215,2,1,2026,3,1,3
00-0033303,H.Butker,KC,MIA,0,28.5,45.5,11.5,0,2026_03_KC_MIA,9.29228573132317,9.0,6.0,16.0,0.6535,0.49475,0.3365,0.14875,2.226513757581505,2.8214384296455988,2,1,2026,3,2,2
00-0031492,J.Myers,SEA,WAS,0,23.75,40.5,7.0,0,2026_03_SEA_WAS,9.0564663520646,10.0,6.0,16.0,0.6695,0.508,0.33825,0.14975,2.265498638812652,2.5972681066970202,2,1,2026,3,3,1
00-0039172,J.Bates,DET,NYJ,1,27.5,48.5,6.5,0,2026_03_NYJ_DET,9.050310134826464,8.0,5.0,14.0,0.55675,0.39575,0.23975,0.09625,1.7631878798083707,3.2716811084954647,2,1,2026,3,4,14
00-0040074,T.Loop,BAL,DAL,0,27.75,52.5,3.0,0,2026_03_BAL_DAL,9.047386973803397,9.0,5.0,15.0,0.60975,0.43975,0.27725,0.11375,1.9207424925672758,3.0468367097968145,2,1,2026,3,5,5
00-0039576,S.Shrader,IND,HOU,1,20.5,43.5,-2.5,0,2026_03_HOU_IND,8.898886799679971,8.0,5.0,15.0,0.5755,0.4075,0.24525,0.10025,2.1405763954013537,1.9960924857510383,2,1,2026,3,6,11
00-0034794,J.Sanders,NYJ,DET,0,21.0,48.5,-6.5,0,2026_03_NYJ_DET,8.885134603460184,8.0,4.0,14.0,0.54925,0.3655,0.22075,0.08525,2.0019424330248556,2.007682563128403,2,1,2026,3,7,18
00-0040899,T.Smack,GB,ATL,1,25.25,44.5,6.0,0,2026_03_ATL_GB,8.849108028993214,9.0,5.0,15.0,0.59925,0.43675,0.26725,0.10525,1.9661995182931689,2.717764157102205,2,1,2026,3,8,9
00-0039404,W.Reichard,MIN,TB,0,22.0,42.5,1.5,0,2026_03_MIN_TB,8.81086149186691,9.0,5.0,15.0,0.60075,0.4245,0.2715,0.10975,2.1405575178173684,2.1903101882621723,2,1,2026,3,9,8
00-0037692,B.Aubrey,DAL,BAL,1,24.75,52.5,-3.0,0,2026_03_BAL_DAL,8.797591042546506,9.0,5.0,14.0,0.57975,0.4155,0.2475,0.0975,1.9230262479573859,2.7215581459518083,2,1,2026,3,10,13
00-0036854,E.McPherson,CIN,PIT,0,23.0,42.5,3.5,0,2026_03_CIN_PIT,8.781862589366117,9.0,5.0,15.0,0.59675,0.43,0.26075,0.10025,2.0609090577589417,2.4642901815406497,2,1,2026,3,11,11
00-0034161,D.Carlson,NO,LV,1,23.25,43.5,3.0,0,2026_03_LV_NO,8.660800362676374,9.0,5.0,15.0,0.616,0.445,0.27775,0.11025,2.1334290958557123,2.340807026877385,2,1,2026,3,12,7
00-0034173,E.Pineiro,SF,ARI,1,28.0,47.5,8.5,0,2026_03_ARI_SF,8.501494110153327,9.0,5.0,15.0,0.636,0.4635,0.288,0.113,1.9337623804329305,3.176024847134424,2,1,2026,3,13,6
00-0036162,T.Bass,BUF,LAC,1,28.75,50.5,7.0,0,2026_03_LAC_BUF,8.383675112548984,8.0,5.0,14.0,0.55525,0.38875,0.22275,0.08125,1.6873898249116714,3.2510575742190535,2,1,2026,3,14,19
00-0035269,M.Gay,LV,NO,0,20.25,43.5,-3.0,0,2026_03_LV_NO,8.363001967929835,8.0,4.0,14.0,0.5405,0.3695,0.21825,0.0805,1.986881289289792,1.9906633694620355,2,1,2026,3,15,21
00-0039409,C.Little,JAX,NE,1,24.25,45.5,3.0,0,2026_03_NE_JAX,8.30829713812791,9.0,5.0,15.0,0.58025,0.42175,0.257,0.104,1.9920311686077037,2.648985898427907,2,1,2026,3,16,10
00-0035358,C.McLaughlin,TB,MIN,1,20.5,42.5,-1.5,0,2026_03_MIN_TB,8.205959498799993,8.0,5.0,14.0,0.56075,0.3885,0.2365,0.095,2.0787251904005792,2.0246178000511463,2,1,2026,3,17,15
00-0033787,J.Elliott,PHI,CHI,0,23.75,44.5,3.0,0,2026_03_PHI_CHI,8.108617899115798,9.0,5.0,15.0,0.605,0.427,0.26975,0.11425,2.128754781208716,2.4528980105884455,2,1,2026,3,18,4
00-0041145,D.Zvada,NYG,TEN,1,22.0,40.5,3.5,0,2026_03_TEN_NYG,8.074244602401567,8.0,4.0,14.0,0.53275,0.3495,0.20575,0.0755,1.896162572797064,2.24606986862427,2,1,2026,3,19,24
00-0032569,W.Lutz,DEN,LA,1,21.5,45.5,-2.5,0,2026_03_LA_DEN,7.938415972400626,8.0,5.0,14.0,0.57,0.4005,0.2415,0.0895,2.058390956397673,2.1243466535465796,2,1,2026,3,20,16
00-0039498,H.Mevis,LA,DEN,0,24.0,45.5,2.5,0,2026_03_LA_DEN,7.87500102772195,8.0,4.0,14.0,0.519,0.352,0.20575,0.0775,1.7764128647067814,2.658044760801686,2,1,2026,3,21,23
00-0040279,R.Fitzgerald,CAR,CLE,0,22.5,42.5,2.5,0,2026_03_CAR_CLE,7.793630180738523,8.0,4.0,14.0,0.54525,0.37075,0.22325,0.07875,1.9328212171949035,2.335111138926533,2,1,2026,3,22,22
00-0035192,J.Slye,TEN,NYG,0,18.5,40.5,-3.5,0,2026_03_TEN_NYG,7.761849297019655,8.0,4.0,14.0,0.521,0.346,0.194,0.07275,1.9863895556383444,1.914032536662527,2,1,2026,3,23,26
00-0038428,A.Szmyt,CLE,CAR,1,20.0,42.5,-2.5,0,2026_03_CAR_CLE,7.734439351967558,8.0,4.0,14.0,0.51125,0.33575,0.1925,0.07225,1.9833009945713638,1.9110064697284561,2,1,2026,3,24,27
00-0031136,C.Boswell,PIT,CIN,1,19.5,42.5,-3.5,0,2026_03_CIN_PIT,7.708924340169827,8.0,4.0,14.0,0.55175,0.37525,0.2255,0.08775,2.0500462795905854,1.9425223814239796,2,1,2026,3,25,17
00-0037224,C.Dicker,LAC,BUF,0,21.75,50.5,-7.0,0,2026_03_LAC_BUF,7.692886483484435,8.0,4.0,14.0,0.54425,0.36825,0.2055,0.075,1.9524322786094328,2.1279220784530954,2,1,2026,3,26,25
00-0031203,C.Santos,CHI,PHI,1,20.75,44.5,-3.0,0,2026_03_PHI_CHI,7.596486016292594,8.0,4.0,14.0,0.55775,0.3815,0.22425,0.08075,1.9631710804285214,2.257708115326828,2,1,2026,3,27,20
00-0040200,A.Borregales,NE,JAX,0,21.25,45.5,-3.0,0,2026_03_NE_JAX,7.510421378663084,7.0,4.0,13.0,0.47625,0.30325,0.1685,0.056,1.7377377231221962,2.320768317848097,2,1,2026,3,28,30
00-0038567,C.Ryland,ARI,SF,0,19.5,47.5,-8.5,0,2026_03_ARI_SF,7.3541461268792965,7.0,4.0,13.0,0.45725,0.283,0.15025,0.054,1.7444469879720772,1.9018132334638782,2,1,2026,3,29,31
00-0025565,N.Folk,ATL,GB,0,19.25,44.5,-6.0,0,2026_03_ATL_GB,7.133757047807067,8.0,4.0,13.0,0.50875,0.318,0.1825,0.0595,1.9233843219083124,1.819330933254705,2,1,2026,3,30,29
00-0036816,R.Patterson,MIA,KC,1,17.0,45.5,-11.5,0,2026_03_KC_MIA,6.825366418899327,6.0,3.0,12.0,0.41525,0.244,0.12475,0.037,1.7209797313885096,1.6182036922042595,2,1,2026,3,31,32
00-0041182,D.Stevens,WAS,SEA,1,16.75,40.5,-7.0,0,2026_03_SEA_WAS,6.657578658923304,8.0,4.0,13.0,0.50675,0.32575,0.18325,0.0645,1.9217591432405925,1.7641451255117118,2,1,2026,3,32,28
